"follower_count","url","avatar_url","gender","name","id"
"0b201ba41cfe0ed76354edfa33c1be8f","随林","http://www.zhihu.com/api/v4/people/0b201ba41cfe0ed76354edfa33c1be8f","1","https://pic1.zhimg.com/v2-55153fef42dbe8d5fdcf8f42687974db_is.jpg","0"
"710efdb983b9de5d3413a71ef26ed6b0","方之之","http://www.zhihu.com/api/v4/people/710efdb983b9de5d3413a71ef26ed6b0","-1","https://pic4.zhimg.com/v2-76c4d3982511e75cf097a7036c88a718_is.jpg","0"
"1bb18971dc7f361752346718376c5f3f","小李不加子","http://www.zhihu.com/api/v4/people/1bb18971dc7f361752346718376c5f3f","-1","https://pic3.zhimg.com/v2-0ebfbfd98e495eaeecf7f828220cbf1a_is.jpg","0"
"645d8b909e479bc98f373b3479945aed","宇智波小可爱","http://www.zhihu.com/api/v4/people/645d8b909e479bc98f373b3479945aed","-1","https://pic3.zhimg.com/v2-cc8400b19a4b386485c3f1315d2015db_is.jpg","0"
"8f1d897c44225a1233e00f45b299d6a7","歆晴","http://www.zhihu.com/api/v4/people/8f1d897c44225a1233e00f45b299d6a7","1","https://pic4.zhimg.com/da8e974dc_is.jpg","11"
"b09942e478c7fc306847401fbc5839b2","寒雨连江","http://www.zhihu.com/api/v4/people/b09942e478c7fc306847401fbc5839b2","-1","https://pic4.zhimg.com/da8e974dc_is.jpg","1"
"93348686d7361c44957b2b93c3df0b33","George","http://www.zhihu.com/api/v4/people/93348686d7361c44957b2b93c3df0b33","-1","https://pic4.zhimg.com/da8e974dc_is.jpg","0"
"c60b40d513b69c681e294fbe54ee9957","徐小波","http://www.zhihu.com/api/v4/people/c60b40d513b69c681e294fbe54ee9957","-1","https://pic3.zhimg.com/v2-d99dd0eea9f14c5d5787d679dfd9121f_is.jpg","0"
"1dfc6cc67c304a16f7dcdb52b9d41f42","可爱非猪","http://www.zhihu.com/api/v4/people/1dfc6cc67c304a16f7dcdb52b9d41f42","-1","https://pic2.zhimg.com/1b4ff7d401766705b0584fd3e68316d2_is.jpg","1"
"9849214d7435552160827dd3800017bf","Per","http://www.zhihu.com/api/v4/people/9849214d7435552160827dd3800017bf","-1","https://pic4.zhimg.com/da8e974dc_is.jpg","0"
"0e3ba297ada0ff535be9dee441c17f4c","遁去的一","http://www.zhihu.com/api/v4/people/0e3ba297ada0ff535be9dee441c17f4c","1","https://pic3.zhimg.com/621eef08aecd0c0acab2fc21201cfe62_is.jpg","6"
"bd8a2f713223be5e8c66c79b5333d3f5","孙大圣","http://www.zhihu.com/api/v4/people/bd8a2f713223be5e8c66c79b5333d3f5","-1","https://pic4.zhimg.com/da8e974dc_is.jpg","0"
"22ce5b4b2b863118690762c3cd7e843a","Uncuzillar","http://www.zhihu.com/api/v4/people/22ce5b4b2b863118690762c3cd7e843a","-1","https://pic1.zhimg.com/v2-247c3af1ba0d902e3292ee1173eca10f_is.jpg","0"
"7267703ff76b83b3ef70d100381191a1","死作勇者","http://www.zhihu.com/api/v4/people/7267703ff76b83b3ef70d100381191a1","-1","https://pic4.zhimg.com/da8e974dc_is.jpg","0"
"cd9a6e739794947fe6b0dbdf868d1e8f","外星人","http://www.zhihu.com/api/v4/people/cd9a6e739794947fe6b0dbdf868d1e8f","-1","https://pic4.zhimg.com/da8e974dc_is.jpg","4"
"325afa15ae322b8cd366a8ce075a2979","出于随性","http://www.zhihu.com/api/v4/people/325afa15ae322b8cd366a8ce075a2979","1","https://pic1.zhimg.com/v2-dd3994e213d433b2f5decbd144ec458c_is.jpg","0"
"5961c8799d71bd81d3f16206ec507489","四象生","http://www.zhihu.com/api/v4/people/5961c8799d71bd81d3f16206ec507489","-1","https://pic4.zhimg.com/da8e974dc_is.jpg","0"
"64d8bf855c580e05e0388b1c7accba8c","magicfire","http://www.zhihu.com/api/v4/people/64d8bf855c580e05e0388b1c7accba8c","-1","https://pic4.zhimg.com/v2-baf3605d6a26ef54d0c32e2b1ba782c4_is.jpg","3445"
"09958bae6caeb3009ecc96571b9b47ec","zbw.什甫","http://www.zhihu.com/api/v4/people/09958bae6caeb3009ecc96571b9b47ec","-1","https://pic4.zhimg.com/da8e974dc_is.jpg","0"
"6375bf42251c1bdbf83e02ce5ab1ca43","聪聪1106","http://www.zhihu.com/api/v4/people/6375bf42251c1bdbf83e02ce5ab1ca43","-1","https://pic4.zhimg.com/da8e974dc_is.jpg","0"
